name,category,country,latitude,longitude,image_url
Mosquée Darou-Salam,,Cote d'Ivoire,5.3396332,-4.0840642,https://unsplash.com/fr/photos/un-grand-batiment-avec-deux-tours-et-un-dome-zBn742lw6Bk
Mosquée Du Maroc,,Cote d'Ivoire,5.3403816,-4.097596,https://unsplash.com/fr/photos/un-grand-batiment-avec-deux-tours-et-un-dome-zBn742lw6Bk
,,Cote d'Ivoire,5.3409134,-4.1040426,https://unsplash.com/fr/photos/un-grand-batiment-avec-deux-tours-et-un-dome-zBn742lw6Bk
,,Cote d'Ivoire,5.3414258,-4.1069257,https://unsplash.com/fr/photos/un-grand-batiment-avec-deux-tours-et-un-dome-zBn742lw6Bk
,,Cote d'Ivoire,5.3419893,-4.0925474,https://unsplash.com/fr/photos/un-grand-batiment-avec-deux-tours-et-un-dome-zBn742lw6Bk
,,Cote d'Ivoire,5.3422654,-4.1072563,https://unsplash.com/fr/photos/un-grand-batiment-avec-deux-tours-et-un-dome-zBn742lw6Bk
,,Cote d'Ivoire,5.3428279,-4.0923824,https://unsplash.com/fr/photos/un-grand-batiment-avec-deux-tours-et-un-dome-zBn742lw6Bk
,,Cote d'Ivoire,5.5489273,-4.3235657,https://unsplash.com/fr/photos/un-grand-batiment-avec-deux-tours-et-un-dome-zBn742lw6Bk
,,Cote d'Ivoire,5.2899399,-3.9575484,https://unsplash.com/fr/photos/un-grand-batiment-avec-deux-tours-et-un-dome-zBn742lw6Bk
Mosquée Moussa Koné,,Cote d'Ivoire,5.2899513,-3.9595433,https://unsplash.com/fr/photos/un-grand-batiment-avec-deux-tours-et-un-dome-zBn742lw6Bk
Mosquée Rahman,,Cote d'Ivoire,5.2902217,-3.94931,https://unsplash.com/fr/photos/un-grand-batiment-avec-deux-tours-et-un-dome-zBn742lw6Bk
,,Cote d'Ivoire,5.2903753,-3.9533561,https://unsplash.com/fr/photos/un-grand-batiment-avec-deux-tours-et-un-dome-zBn742lw6Bk
,,Cote d'Ivoire,5.290617,-3.9605793,https://unsplash.com/fr/photos/un-grand-batiment-avec-deux-tours-et-un-dome-zBn742lw6Bk
Mosquée de Zone 4,,Cote d'Ivoire,5.2907094,-3.9804076,https://unsplash.com/fr/photos/un-grand-batiment-avec-deux-tours-et-un-dome-zBn742lw6Bk
,,Cote d'Ivoire,5.2914261,-3.9557051,https://unsplash.com/fr/photos/un-grand-batiment-avec-deux-tours-et-un-dome-zBn742lw6Bk
,,Cote d'Ivoire,5.2914796,-3.9490043,https://unsplash.com/fr/photos/un-grand-batiment-avec-deux-tours-et-un-dome-zBn742lw6Bk
Grande mosquée de Koumassi,,Cote d'Ivoire,5.2917284,-3.9665763,https://unsplash.com/fr/photos/un-grand-batiment-avec-deux-tours-et-un-dome-zBn742lw6Bk
,,Cote d'Ivoire,5.2919536,-3.95667,https://unsplash.com/fr/photos/un-grand-batiment-avec-deux-tours-et-un-dome-zBn742lw6Bk
Mosquée Marcory Sicogi,sunni,Cote d'Ivoire,5.2975644,-3.9770389,https://unsplash.com/fr/photos/un-grand-batiment-avec-deux-tours-et-un-dome-zBn742lw6Bk
,,Cote d'Ivoire,5.2975656,-3.9668356,https://unsplash.com/fr/photos/un-grand-batiment-avec-deux-tours-et-un-dome-zBn742lw6Bk
,,Cote d'Ivoire,5.2977158,-3.9678474,https://unsplash.com/fr/photos/un-grand-batiment-avec-deux-tours-et-un-dome-zBn742lw6Bk
Groupe Scolaire Baradji,,Cote d'Ivoire,5.2977826,-3.9592342,https://unsplash.com/fr/photos/un-grand-batiment-avec-deux-tours-et-un-dome-zBn742lw6Bk
,,Cote d'Ivoire,5.2978347,-3.9605585,https://unsplash.com/fr/photos/un-grand-batiment-avec-deux-tours-et-un-dome-zBn742lw6Bk
Mosquée de la Miséricorde de Koumassi Remblais,,Cote d'Ivoire,5.2979355,-3.9668537,https://unsplash.com/fr/photos/un-grand-batiment-avec-deux-tours-et-un-dome-zBn742lw6Bk
,,Cote d'Ivoire,5.2981926,-3.9550868,https://unsplash.com/fr/photos/un-grand-batiment-avec-deux-tours-et-un-dome-zBn742lw6Bk
,,Cote d'Ivoire,5.2983522,-3.9601998,https://unsplash.com/fr/photos/un-grand-batiment-avec-deux-tours-et-un-dome-zBn742lw6Bk
,,Cote d'Ivoire,5.2985939,-3.9633065,https://unsplash.com/fr/photos/un-grand-batiment-avec-deux-tours-et-un-dome-zBn742lw6Bk
,,Cote d'Ivoire,5.2987227,-3.9564085,https://unsplash.com/fr/photos/un-grand-batiment-avec-deux-tours-et-un-dome-zBn742lw6Bk
Mosquée Libanaise de Marcory,,Cote d'Ivoire,5.3038814,-3.991652,https://unsplash.com/fr/photos/un-grand-batiment-avec-deux-tours-et-un-dome-zBn742lw6Bk
Grande Mosquée,,Cote d'Ivoire,5.3044595,-3.9583196,https://unsplash.com/fr/photos/un-grand-batiment-avec-deux-tours-et-un-dome-zBn742lw6Bk
Mosquée Al Moudjahidinesl,,Cote d'Ivoire,5.3046044,-3.9590619,https://unsplash.com/fr/photos/un-grand-batiment-avec-deux-tours-et-un-dome-zBn742lw6Bk
,,Cote d'Ivoire,5.3046834,-3.9676723,https://unsplash.com/fr/photos/un-grand-batiment-avec-deux-tours-et-un-dome-zBn742lw6Bk
,,Cote d'Ivoire,5.3048147,-3.9675692,https://unsplash.com/fr/photos/un-grand-batiment-avec-deux-tours-et-un-dome-zBn742lw6Bk
,,Cote d'Ivoire,5.3050377,-3.966157,https://unsplash.com/fr/photos/un-grand-batiment-avec-deux-tours-et-un-dome-zBn742lw6Bk
Zawya Rasrou Dine,,Cote d'Ivoire,5.3055877,-3.9545189,https://unsplash.com/fr/photos/un-grand-batiment-avec-deux-tours-et-un-dome-zBn742lw6Bk
Magic System,,Cote d'Ivoire,5.3075116,-3.9764604,https://unsplash.com/fr/photos/un-grand-batiment-avec-deux-tours-et-un-dome-zBn742lw6Bk
,,Cote d'Ivoire,5.3087834,-3.9663124,https://unsplash.com/fr/photos/un-grand-batiment-avec-deux-tours-et-un-dome-zBn742lw6Bk
,,Cote d'Ivoire,5.3108194,-3.9705794,https://unsplash.com/fr/photos/un-grand-batiment-avec-deux-tours-et-un-dome-zBn742lw6Bk
,,Cote d'Ivoire,5.2878329,-4.0059427,https://unsplash.com/fr/photos/un-grand-batiment-avec-deux-tours-et-un-dome-zBn742lw6Bk
Mosque de Treichville,,Cote d'Ivoire,5.3079648,-4.0109253,https://unsplash.com/fr/photos/un-grand-batiment-avec-deux-tours-et-un-dome-zBn742lw6Bk
,,Cote d'Ivoire,5.3108825,-4.0090039,https://unsplash.com/fr/photos/un-grand-batiment-avec-deux-tours-et-un-dome-zBn742lw6Bk
Mosquée du Koweit,,Cote d'Ivoire,5.3220854,-4.0510134,https://unsplash.com/fr/photos/un-grand-batiment-avec-deux-tours-et-un-dome-zBn742lw6Bk
,,Cote d'Ivoire,5.3398549,-4.0290213,https://unsplash.com/fr/photos/un-grand-batiment-avec-deux-tours-et-un-dome-zBn742lw6Bk
,,Cote d'Ivoire,5.3399791,-4.0291091,https://unsplash.com/fr/photos/un-grand-batiment-avec-deux-tours-et-un-dome-zBn742lw6Bk
,,Cote d'Ivoire,5.3400485,-4.0267548,https://unsplash.com/fr/photos/un-grand-batiment-avec-deux-tours-et-un-dome-zBn742lw6Bk
,,Cote d'Ivoire,5.340176,-4.029148,https://unsplash.com/fr/photos/un-grand-batiment-avec-deux-tours-et-un-dome-zBn742lw6Bk
Mosquée Aicha,,Cote d'Ivoire,5.340182,-4.0294625,https://unsplash.com/fr/photos/un-grand-batiment-avec-deux-tours-et-un-dome-zBn742lw6Bk
,,Cote d'Ivoire,5.3406414,-4.0287007,https://unsplash.com/fr/photos/un-grand-batiment-avec-deux-tours-et-un-dome-zBn742lw6Bk
Mosquée du centre rawyan de Yopougon,,Cote d'Ivoire,5.3153092,-4.1048061,https://unsplash.com/fr/photos/un-grand-batiment-avec-deux-tours-et-un-dome-zBn742lw6Bk
,,Cote d'Ivoire,5.3173028,-4.0907335,https://unsplash.com/fr/photos/un-grand-batiment-avec-deux-tours-et-un-dome-zBn742lw6Bk
Mosquée Al Fourquane,,Cote d'Ivoire,5.3183267,-4.1120833,https://unsplash.com/fr/photos/un-grand-batiment-avec-deux-tours-et-un-dome-zBn742lw6Bk
Mosquée Aicha Niangon Sud de Yopougon,sunni,Cote d'Ivoire,5.3264295,-4.0885292,https://unsplash.com/fr/photos/un-grand-batiment-avec-deux-tours-et-un-dome-zBn742lw6Bk
Mosquée Sikasso,muslim,Cote d'Ivoire,5.3093457,-4.0523625,https://unsplash.com/fr/photos/un-grand-batiment-avec-deux-tours-et-un-dome-zBn742lw6Bk
Carrefour Lycée,,Cote d'Ivoire,5.3260553,-4.0739022,https://unsplash.com/fr/photos/un-grand-batiment-avec-deux-tours-et-un-dome-zBn742lw6Bk
Mosquee de Toits-Rouges,,Cote d'Ivoire,5.3299995,-4.0550711,https://unsplash.com/fr/photos/un-grand-batiment-avec-deux-tours-et-un-dome-zBn742lw6Bk
,,Cote d'Ivoire,5.3303231,-4.0806546,https://unsplash.com/fr/photos/un-grand-batiment-avec-deux-tours-et-un-dome-zBn742lw6Bk
,,Cote d'Ivoire,5.332703,-4.0682942,https://unsplash.com/fr/photos/un-grand-batiment-avec-deux-tours-et-un-dome-zBn742lw6Bk
,,Cote d'Ivoire,5.3329861,-4.068431,https://unsplash.com/fr/photos/un-grand-batiment-avec-deux-tours-et-un-dome-zBn742lw6Bk
,,Cote d'Ivoire,5.3362349,-4.0744063,https://unsplash.com/fr/photos/un-grand-batiment-avec-deux-tours-et-un-dome-zBn742lw6Bk
Après le pont,,Cote d'Ivoire,5.3363925,-4.0733716,https://unsplash.com/fr/photos/un-grand-batiment-avec-deux-tours-et-un-dome-zBn742lw6Bk
Après le pont,,Cote d'Ivoire,5.3368959,-4.073271,https://unsplash.com/fr/photos/un-grand-batiment-avec-deux-tours-et-un-dome-zBn742lw6Bk
,,Cote d'Ivoire,5.3369593,-4.0755254,https://unsplash.com/fr/photos/un-grand-batiment-avec-deux-tours-et-un-dome-zBn742lw6Bk
,,Cote d'Ivoire,5.3388394,-4.078154,https://unsplash.com/fr/photos/un-grand-batiment-avec-deux-tours-et-un-dome-zBn742lw6Bk
El hadj Mory Doumbia,,Cote d'Ivoire,5.339227,-4.0635839,https://unsplash.com/fr/photos/un-grand-batiment-avec-deux-tours-et-un-dome-zBn742lw6Bk
,,Cote d'Ivoire,5.3405135,-4.0771017,https://unsplash.com/fr/photos/un-grand-batiment-avec-deux-tours-et-un-dome-zBn742lw6Bk
,,Cote d'Ivoire,5.3421963,-4.0761383,https://unsplash.com/fr/photos/un-grand-batiment-avec-deux-tours-et-un-dome-zBn742lw6Bk
,,Cote d'Ivoire,5.342226,-4.0777821,https://unsplash.com/fr/photos/un-grand-batiment-avec-deux-tours-et-un-dome-zBn742lw6Bk
Mosquée Bamba,,Cote d'Ivoire,5.3434288,-4.0776785,https://unsplash.com/fr/photos/un-grand-batiment-avec-deux-tours-et-un-dome-zBn742lw6Bk
Espace Islamique,,Cote d'Ivoire,5.3436511,-4.0708751,https://unsplash.com/fr/photos/un-grand-batiment-avec-deux-tours-et-un-dome-zBn742lw6Bk
Mosquée Kenya,,Cote d'Ivoire,5.3468217,-4.072864,https://unsplash.com/fr/photos/un-grand-batiment-avec-deux-tours-et-un-dome-zBn742lw6Bk
Mosquée UOSMANE,,Cote d'Ivoire,5.3472029,-4.0798612,https://unsplash.com/fr/photos/un-grand-batiment-avec-deux-tours-et-un-dome-zBn742lw6Bk
,,Cote d'Ivoire,5.3472556,-4.0790559,https://unsplash.com/fr/photos/un-grand-batiment-avec-deux-tours-et-un-dome-zBn742lw6Bk
Mosquée Al-Mouya Hidine,,Cote d'Ivoire,5.3428953,-4.1033721,https://unsplash.com/fr/photos/un-grand-batiment-avec-deux-tours-et-un-dome-zBn742lw6Bk
LMosquée firdaussoul islam,,Cote d'Ivoire,5.3429621,-4.108939,https://unsplash.com/fr/photos/un-grand-batiment-avec-deux-tours-et-un-dome-zBn742lw6Bk
,,Cote d'Ivoire,5.3431437,-4.0807772,https://unsplash.com/fr/photos/un-grand-batiment-avec-deux-tours-et-un-dome-zBn742lw6Bk
,,Cote d'Ivoire,5.3435242,-4.111009,https://unsplash.com/fr/photos/un-grand-batiment-avec-deux-tours-et-un-dome-zBn742lw6Bk
,,Cote d'Ivoire,5.3441117,-4.1047786,https://unsplash.com/fr/photos/un-grand-batiment-avec-deux-tours-et-un-dome-zBn742lw6Bk
,,Cote d'Ivoire,5.3449223,-4.0818635,https://unsplash.com/fr/photos/un-grand-batiment-avec-deux-tours-et-un-dome-zBn742lw6Bk
,,Cote d'Ivoire,5.3464231,-4.0845349,https://unsplash.com/fr/photos/un-grand-batiment-avec-deux-tours-et-un-dome-zBn742lw6Bk
,,Cote d'Ivoire,5.3467088,-4.0814544,https://unsplash.com/fr/photos/un-grand-batiment-avec-deux-tours-et-un-dome-zBn742lw6Bk
,,Cote d'Ivoire,5.3468424,-4.1020297,https://unsplash.com/fr/photos/un-grand-batiment-avec-deux-tours-et-un-dome-zBn742lw6Bk
Mosquée Hamza,,Cote d'Ivoire,5.347028,-4.0946271,https://unsplash.com/fr/photos/un-grand-batiment-avec-deux-tours-et-un-dome-zBn742lw6Bk
,,Cote d'Ivoire,5.3414278,-4.0294263,https://unsplash.com/fr/photos/un-grand-batiment-avec-deux-tours-et-un-dome-zBn742lw6Bk
,,Cote d'Ivoire,5.3415614,-4.0289542,https://unsplash.com/fr/photos/un-grand-batiment-avec-deux-tours-et-un-dome-zBn742lw6Bk
,,Cote d'Ivoire,5.3423014,-4.0293847,https://unsplash.com/fr/photos/un-grand-batiment-avec-deux-tours-et-un-dome-zBn742lw6Bk
,,Cote d'Ivoire,5.3429073,-4.0281107,https://unsplash.com/fr/photos/un-grand-batiment-avec-deux-tours-et-un-dome-zBn742lw6Bk
,,Cote d'Ivoire,5.3441818,-4.031389,https://unsplash.com/fr/photos/un-grand-batiment-avec-deux-tours-et-un-dome-zBn742lw6Bk
,,Cote d'Ivoire,5.3444376,-4.0287048,https://unsplash.com/fr/photos/un-grand-batiment-avec-deux-tours-et-un-dome-zBn742lw6Bk
Mosquée Ro,,Cote d'Ivoire,5.3453228,-4.0294531,https://unsplash.com/fr/photos/un-grand-batiment-avec-deux-tours-et-un-dome-zBn742lw6Bk
,,Cote d'Ivoire,5.3456188,-4.0279944,https://unsplash.com/fr/photos/un-grand-batiment-avec-deux-tours-et-un-dome-zBn742lw6Bk
Grande Mosquée,sunni,Cote d'Ivoire,5.3491646,-4.0348666,https://unsplash.com/fr/photos/un-grand-batiment-avec-deux-tours-et-un-dome-zBn742lw6Bk
Mosquée du Marché Gouro,,Cote d'Ivoire,5.3494904,-4.0233035,https://unsplash.com/fr/photos/un-grand-batiment-avec-deux-tours-et-un-dome-zBn742lw6Bk
,,Cote d'Ivoire,5.34864,-4.0789124,https://unsplash.com/fr/photos/un-grand-batiment-avec-deux-tours-et-un-dome-zBn742lw6Bk
,,Cote d'Ivoire,5.349129,-4.0763046,https://unsplash.com/fr/photos/un-grand-batiment-avec-deux-tours-et-un-dome-zBn742lw6Bk
,,Cote d'Ivoire,5.3492378,-4.0665065,https://unsplash.com/fr/photos/un-grand-batiment-avec-deux-tours-et-un-dome-zBn742lw6Bk
Mosquée Abou Barkrine Asudik,,Cote d'Ivoire,5.3492405,-4.060666,https://unsplash.com/fr/photos/un-grand-batiment-avec-deux-tours-et-un-dome-zBn742lw6Bk
,,Cote d'Ivoire,5.3493326,-4.0685543,https://unsplash.com/fr/photos/un-grand-batiment-avec-deux-tours-et-un-dome-zBn742lw6Bk
Mosquée Farouk,,Cote d'Ivoire,5.3494995,-4.080612,https://unsplash.com/fr/photos/un-grand-batiment-avec-deux-tours-et-un-dome-zBn742lw6Bk
Mosquée: Nour Adou Brahman,,Cote d'Ivoire,5.3495047,-4.070533,https://unsplash.com/fr/photos/un-grand-batiment-avec-deux-tours-et-un-dome-zBn742lw6Bk
Mosquée Abou Bark Siddik,,Cote d'Ivoire,5.3495156,-4.0606727,https://unsplash.com/fr/photos/un-grand-batiment-avec-deux-tours-et-un-dome-zBn742lw6Bk
,,Cote d'Ivoire,5.3501492,-4.0771213,https://unsplash.com/fr/photos/un-grand-batiment-avec-deux-tours-et-un-dome-zBn742lw6Bk
,,Cote d'Ivoire,5.3502326,-4.0690472,https://unsplash.com/fr/photos/un-grand-batiment-avec-deux-tours-et-un-dome-zBn742lw6Bk
Mosquée Tarnagda,,Cote d'Ivoire,5.2827808,-3.9460632,https://unsplash.com/fr/photos/un-grand-batiment-avec-deux-tours-et-un-dome-zBn742lw6Bk
,,Cote d'Ivoire,5.2820524,-3.9485858,https://unsplash.com/fr/photos/un-grand-batiment-avec-deux-tours-et-un-dome-zBn742lw6Bk
,,Cote d'Ivoire,5.2830533,-3.9498418,https://unsplash.com/fr/photos/un-grand-batiment-avec-deux-tours-et-un-dome-zBn742lw6Bk
,,Cote d'Ivoire,5.2852186,-3.9506894,https://unsplash.com/fr/photos/un-grand-batiment-avec-deux-tours-et-un-dome-zBn742lw6Bk
Mosquée TAKWA,,Cote d'Ivoire,5.2879736,-3.9501831,https://unsplash.com/fr/photos/un-grand-batiment-avec-deux-tours-et-un-dome-zBn742lw6Bk
,,Cote d'Ivoire,5.2880397,-3.9575196,https://unsplash.com/fr/photos/un-grand-batiment-avec-deux-tours-et-un-dome-zBn742lw6Bk
,,Cote d'Ivoire,5.2880617,-3.9573687,https://unsplash.com/fr/photos/un-grand-batiment-avec-deux-tours-et-un-dome-zBn742lw6Bk
,,Cote d'Ivoire,5.2885784,-3.9580742,https://unsplash.com/fr/photos/un-grand-batiment-avec-deux-tours-et-un-dome-zBn742lw6Bk
,,Cote d'Ivoire,5.2886753,-3.9556126,https://unsplash.com/fr/photos/un-grand-batiment-avec-deux-tours-et-un-dome-zBn742lw6Bk
,,Cote d'Ivoire,5.2890572,-3.9561697,https://unsplash.com/fr/photos/un-grand-batiment-avec-deux-tours-et-un-dome-zBn742lw6Bk
,,Cote d'Ivoire,5.2897249,-3.9577992,https://unsplash.com/fr/photos/un-grand-batiment-avec-deux-tours-et-un-dome-zBn742lw6Bk
,,Cote d'Ivoire,5.2919791,-3.9566673,https://unsplash.com/fr/photos/un-grand-batiment-avec-deux-tours-et-un-dome-zBn742lw6Bk
,,Cote d'Ivoire,5.2920752,-3.956206,https://unsplash.com/fr/photos/un-grand-batiment-avec-deux-tours-et-un-dome-zBn742lw6Bk
,,Cote d'Ivoire,5.2925306,-3.9567236,https://unsplash.com/fr/photos/un-grand-batiment-avec-deux-tours-et-un-dome-zBn742lw6Bk
,,Cote d'Ivoire,5.2930994,-3.9569315,https://unsplash.com/fr/photos/un-grand-batiment-avec-deux-tours-et-un-dome-zBn742lw6Bk
Mosquée Bilal,,Cote d'Ivoire,5.2934119,-3.955972,https://unsplash.com/fr/photos/un-grand-batiment-avec-deux-tours-et-un-dome-zBn742lw6Bk
,,Cote d'Ivoire,5.293432,-3.9584228,https://unsplash.com/fr/photos/un-grand-batiment-avec-deux-tours-et-un-dome-zBn742lw6Bk
,,Cote d'Ivoire,5.2938339,-3.9521773,https://unsplash.com/fr/photos/un-grand-batiment-avec-deux-tours-et-un-dome-zBn742lw6Bk
,,Cote d'Ivoire,5.293894,-3.961274,https://unsplash.com/fr/photos/un-grand-batiment-avec-deux-tours-et-un-dome-zBn742lw6Bk
,,Cote d'Ivoire,5.2941417,-3.9601388,https://unsplash.com/fr/photos/un-grand-batiment-avec-deux-tours-et-un-dome-zBn742lw6Bk
,,Cote d'Ivoire,5.2942025,-3.9577147,https://unsplash.com/fr/photos/un-grand-batiment-avec-deux-tours-et-un-dome-zBn742lw6Bk
,,Cote d'Ivoire,5.2944495,-3.9606625,https://unsplash.com/fr/photos/un-grand-batiment-avec-deux-tours-et-un-dome-zBn742lw6Bk
,,Cote d'Ivoire,5.2945624,-3.962642,https://unsplash.com/fr/photos/un-grand-batiment-avec-deux-tours-et-un-dome-zBn742lw6Bk
,,Cote d'Ivoire,5.2949383,-3.9609669,https://unsplash.com/fr/photos/un-grand-batiment-avec-deux-tours-et-un-dome-zBn742lw6Bk
,,Cote d'Ivoire,5.2953575,-3.9706143,https://unsplash.com/fr/photos/un-grand-batiment-avec-deux-tours-et-un-dome-zBn742lw6Bk
,,Cote d'Ivoire,5.295602,-3.956029,https://unsplash.com/fr/photos/un-grand-batiment-avec-deux-tours-et-un-dome-zBn742lw6Bk
Mosquéu NOUROULOUDHA,,Cote d'Ivoire,5.2959512,-3.9591923,https://unsplash.com/fr/photos/un-grand-batiment-avec-deux-tours-et-un-dome-zBn742lw6Bk
,,Cote d'Ivoire,5.2963398,-3.9490385,https://unsplash.com/fr/photos/un-grand-batiment-avec-deux-tours-et-un-dome-zBn742lw6Bk
Mosquée Remblais,,Cote d'Ivoire,5.2971904,-3.9646838,https://unsplash.com/fr/photos/un-grand-batiment-avec-deux-tours-et-un-dome-zBn742lw6Bk
,,Cote d'Ivoire,5.2973442,-3.9599883,https://unsplash.com/fr/photos/un-grand-batiment-avec-deux-tours-et-un-dome-zBn742lw6Bk
Mosquée Zawia Baradji,,Cote d'Ivoire,5.2974795,-3.9593013,https://unsplash.com/fr/photos/un-grand-batiment-avec-deux-tours-et-un-dome-zBn742lw6Bk
,,Cote d'Ivoire,5.2987608,-3.9562415,https://unsplash.com/fr/photos/un-grand-batiment-avec-deux-tours-et-un-dome-zBn742lw6Bk
,,Cote d'Ivoire,5.2988573,-3.9683347,https://unsplash.com/fr/photos/un-grand-batiment-avec-deux-tours-et-un-dome-zBn742lw6Bk
,,Cote d'Ivoire,5.299331,-3.9589351,https://unsplash.com/fr/photos/un-grand-batiment-avec-deux-tours-et-un-dome-zBn742lw6Bk
Mosquée Hamza,,Cote d'Ivoire,5.2993457,-3.9683645,https://unsplash.com/fr/photos/un-grand-batiment-avec-deux-tours-et-un-dome-zBn742lw6Bk
,,Cote d'Ivoire,5.3001876,-3.9592201,https://unsplash.com/fr/photos/un-grand-batiment-avec-deux-tours-et-un-dome-zBn742lw6Bk
,,Cote d'Ivoire,5.3002397,-3.9601307,https://unsplash.com/fr/photos/un-grand-batiment-avec-deux-tours-et-un-dome-zBn742lw6Bk
,,Cote d'Ivoire,5.3003893,-3.9570643,https://unsplash.com/fr/photos/un-grand-batiment-avec-deux-tours-et-un-dome-zBn742lw6Bk
,,Cote d'Ivoire,5.3006937,-3.9608569,https://unsplash.com/fr/photos/un-grand-batiment-avec-deux-tours-et-un-dome-zBn742lw6Bk
Mosquée Rahman,sunni,Cote d'Ivoire,5.3008209,-3.9644532,https://unsplash.com/fr/photos/un-grand-batiment-avec-deux-tours-et-un-dome-zBn742lw6Bk
Mosquée inchallah Allar,,Cote d'Ivoire,5.3008727,-3.9646228,https://unsplash.com/fr/photos/un-grand-batiment-avec-deux-tours-et-un-dome-zBn742lw6Bk
,,Cote d'Ivoire,5.3009008,-3.9569774,https://unsplash.com/fr/photos/un-grand-batiment-avec-deux-tours-et-un-dome-zBn742lw6Bk
Mosquée Tour Sinine,,Cote d'Ivoire,5.3009775,-3.9669959,https://unsplash.com/fr/photos/un-grand-batiment-avec-deux-tours-et-un-dome-zBn742lw6Bk
,,Cote d'Ivoire,5.3009955,-3.9596701,https://unsplash.com/fr/photos/un-grand-batiment-avec-deux-tours-et-un-dome-zBn742lw6Bk
,,Cote d'Ivoire,5.3011885,-3.9633259,https://unsplash.com/fr/photos/un-grand-batiment-avec-deux-tours-et-un-dome-zBn742lw6Bk
Mosquée El Hadj Seydou Sana,,Cote d'Ivoire,5.3011898,-3.9585127,https://unsplash.com/fr/photos/un-grand-batiment-avec-deux-tours-et-un-dome-zBn742lw6Bk
Mosquée Siaka Bamba,,Cote d'Ivoire,5.3012319,-3.9662067,https://unsplash.com/fr/photos/un-grand-batiment-avec-deux-tours-et-un-dome-zBn742lw6Bk
Mosquée Toure Nadjah,,Cote d'Ivoire,5.3013066,-3.963383,https://unsplash.com/fr/photos/un-grand-batiment-avec-deux-tours-et-un-dome-zBn742lw6Bk
,,Cote d'Ivoire,5.3014796,-3.9592771,https://unsplash.com/fr/photos/un-grand-batiment-avec-deux-tours-et-un-dome-zBn742lw6Bk
,,Cote d'Ivoire,5.301751,-3.9561483,https://unsplash.com/fr/photos/un-grand-batiment-avec-deux-tours-et-un-dome-zBn742lw6Bk
Mosquée Tawfike,,Cote d'Ivoire,5.3019493,-3.9598732,https://unsplash.com/fr/photos/un-grand-batiment-avec-deux-tours-et-un-dome-zBn742lw6Bk
,,Cote d'Ivoire,5.292837,-3.9483042,https://unsplash.com/fr/photos/un-grand-batiment-avec-deux-tours-et-un-dome-zBn742lw6Bk
,,Cote d'Ivoire,5.2948902,-3.9478432,https://unsplash.com/fr/photos/un-grand-batiment-avec-deux-tours-et-un-dome-zBn742lw6Bk
mosqée,,Cote d'Ivoire,5.3021087,-3.9467592,https://unsplash.com/fr/photos/un-grand-batiment-avec-deux-tours-et-un-dome-zBn742lw6Bk
,,Cote d'Ivoire,5.306734,-3.9459791,https://unsplash.com/fr/photos/un-grand-batiment-avec-deux-tours-et-un-dome-zBn742lw6Bk
Mosquée Sangaré,,Cote d'Ivoire,5.3075943,-3.9408763,https://unsplash.com/fr/photos/un-grand-batiment-avec-deux-tours-et-un-dome-zBn742lw6Bk
Mosquée du 05,,Cote d'Ivoire,5.3102102,-3.9451704,https://unsplash.com/fr/photos/un-grand-batiment-avec-deux-tours-et-un-dome-zBn742lw6Bk
mosqué Sénégalaise,,Cote d'Ivoire,5.3021758,-3.9545093,https://unsplash.com/fr/photos/un-grand-batiment-avec-deux-tours-et-un-dome-zBn742lw6Bk
,,Cote d'Ivoire,5.3022406,-3.9565989,https://unsplash.com/fr/photos/un-grand-batiment-avec-deux-tours-et-un-dome-zBn742lw6Bk
,,Cote d'Ivoire,5.3023357,-3.9571223,https://unsplash.com/fr/photos/un-grand-batiment-avec-deux-tours-et-un-dome-zBn742lw6Bk
,,Cote d'Ivoire,5.3025212,-3.9576416,https://unsplash.com/fr/photos/un-grand-batiment-avec-deux-tours-et-un-dome-zBn742lw6Bk
,,Cote d'Ivoire,5.3027542,-3.9688861,https://unsplash.com/fr/photos/un-grand-batiment-avec-deux-tours-et-un-dome-zBn742lw6Bk
,,Cote d'Ivoire,5.3028403,-3.966625,https://unsplash.com/fr/photos/un-grand-batiment-avec-deux-tours-et-un-dome-zBn742lw6Bk
Mosquée Aliizat,,Cote d'Ivoire,5.3029599,-3.9666807,https://unsplash.com/fr/photos/un-grand-batiment-avec-deux-tours-et-un-dome-zBn742lw6Bk
Mosquée dAhl-Baldr,,Cote d'Ivoire,5.3033378,-3.9589278,https://unsplash.com/fr/photos/un-grand-batiment-avec-deux-tours-et-un-dome-zBn742lw6Bk
Mosquée Rachide,,Cote d'Ivoire,5.3035875,-3.9685556,https://unsplash.com/fr/photos/un-grand-batiment-avec-deux-tours-et-un-dome-zBn742lw6Bk
,,Cote d'Ivoire,5.3035888,-3.9554469,https://unsplash.com/fr/photos/un-grand-batiment-avec-deux-tours-et-un-dome-zBn742lw6Bk
An Nour,,Cote d'Ivoire,5.3148929,-3.9426744,https://unsplash.com/fr/photos/un-grand-batiment-avec-deux-tours-et-un-dome-zBn742lw6Bk
,,Cote d'Ivoire,5.3574812,-3.8832795,https://unsplash.com/fr/photos/un-grand-batiment-avec-deux-tours-et-un-dome-zBn742lw6Bk
Mosquée,,Cote d'Ivoire,5.3755798,-3.9351647,https://unsplash.com/fr/photos/un-grand-batiment-avec-deux-tours-et-un-dome-zBn742lw6Bk
,sunni,Cote d'Ivoire,5.3912608,-3.933535,https://unsplash.com/fr/photos/un-grand-batiment-avec-deux-tours-et-un-dome-zBn742lw6Bk
,,Cote d'Ivoire,5.350983,-4.0669101,https://unsplash.com/fr/photos/un-grand-batiment-avec-deux-tours-et-un-dome-zBn742lw6Bk
,,Cote d'Ivoire,5.3517114,-4.0763797,https://unsplash.com/fr/photos/un-grand-batiment-avec-deux-tours-et-un-dome-zBn742lw6Bk
,,Cote d'Ivoire,5.3518817,-4.0706733,https://unsplash.com/fr/photos/un-grand-batiment-avec-deux-tours-et-un-dome-zBn742lw6Bk
,,Cote d'Ivoire,5.3522048,-4.0552855,https://unsplash.com/fr/photos/un-grand-batiment-avec-deux-tours-et-un-dome-zBn742lw6Bk
,,Cote d'Ivoire,5.3522382,-4.0709643,https://unsplash.com/fr/photos/un-grand-batiment-avec-deux-tours-et-un-dome-zBn742lw6Bk
Mosquée Abou Haraira,,Cote d'Ivoire,5.3523957,-4.0749272,https://unsplash.com/fr/photos/un-grand-batiment-avec-deux-tours-et-un-dome-zBn742lw6Bk
Oumar Boun Katoib,,Cote d'Ivoire,5.3532877,-4.0587375,https://unsplash.com/fr/photos/un-grand-batiment-avec-deux-tours-et-un-dome-zBn742lw6Bk
,,Cote d'Ivoire,5.3535861,-4.0807752,https://unsplash.com/fr/photos/un-grand-batiment-avec-deux-tours-et-un-dome-zBn742lw6Bk
,,Cote d'Ivoire,5.3541316,-4.0626642,https://unsplash.com/fr/photos/un-grand-batiment-avec-deux-tours-et-un-dome-zBn742lw6Bk
,,Cote d'Ivoire,5.3545522,-4.0764648,https://unsplash.com/fr/photos/un-grand-batiment-avec-deux-tours-et-un-dome-zBn742lw6Bk
Mosquée raddja,,Cote d'Ivoire,5.3505825,-4.0941795,https://unsplash.com/fr/photos/un-grand-batiment-avec-deux-tours-et-un-dome-zBn742lw6Bk
,,Cote d'Ivoire,5.351883,-4.0883698,https://unsplash.com/fr/photos/un-grand-batiment-avec-deux-tours-et-un-dome-zBn742lw6Bk
,,Cote d'Ivoire,5.3522721,-4.0843156,https://unsplash.com/fr/photos/un-grand-batiment-avec-deux-tours-et-un-dome-zBn742lw6Bk
,,Cote d'Ivoire,5.353042,-4.0892871,https://unsplash.com/fr/photos/un-grand-batiment-avec-deux-tours-et-un-dome-zBn742lw6Bk
,,Cote d'Ivoire,5.3531261,-4.0957117,https://unsplash.com/fr/photos/un-grand-batiment-avec-deux-tours-et-un-dome-zBn742lw6Bk
,,Cote d'Ivoire,5.3533418,-4.0932186,https://unsplash.com/fr/photos/un-grand-batiment-avec-deux-tours-et-un-dome-zBn742lw6Bk
Grande mosquée de Banco 2,,Cote d'Ivoire,5.3547518,-4.0810199,https://unsplash.com/fr/photos/un-grand-batiment-avec-deux-tours-et-un-dome-zBn742lw6Bk
,,Cote d'Ivoire,5.3563394,-4.08471,https://unsplash.com/fr/photos/un-grand-batiment-avec-deux-tours-et-un-dome-zBn742lw6Bk
,,Cote d'Ivoire,5.3671021,-4.0948427,https://unsplash.com/fr/photos/un-grand-batiment-avec-deux-tours-et-un-dome-zBn742lw6Bk
,,Cote d'Ivoire,5.3703754,-4.0993454,https://unsplash.com/fr/photos/un-grand-batiment-avec-deux-tours-et-un-dome-zBn742lw6Bk
Mosquée Itihao,,Cote d'Ivoire,5.3504754,-4.0326205,https://unsplash.com/fr/photos/un-grand-batiment-avec-deux-tours-et-un-dome-zBn742lw6Bk
Mosquée Mankono 2,,Cote d'Ivoire,5.3508791,-4.0200012,https://unsplash.com/fr/photos/un-grand-batiment-avec-deux-tours-et-un-dome-zBn742lw6Bk
Mosquée Salam 1,,Cote d'Ivoire,5.3510182,-4.0353156,https://unsplash.com/fr/photos/un-grand-batiment-avec-deux-tours-et-un-dome-zBn742lw6Bk
Mosquée El Hadj Mohamed Taofiq,,Cote d'Ivoire,5.3511393,-4.0215697,https://unsplash.com/fr/photos/un-grand-batiment-avec-deux-tours-et-un-dome-zBn742lw6Bk
As Sahaba,,Cote d'Ivoire,5.356073,-4.0221549,https://unsplash.com/fr/photos/un-grand-batiment-avec-deux-tours-et-un-dome-zBn742lw6Bk
MOSQUEE DU CAMP AGBAN,,Cote d'Ivoire,5.3564625,-4.0123734,https://unsplash.com/fr/photos/un-grand-batiment-avec-deux-tours-et-un-dome-zBn742lw6Bk
,,Cote d'Ivoire,5.3590532,-4.0270136,https://unsplash.com/fr/photos/un-grand-batiment-avec-deux-tours-et-un-dome-zBn742lw6Bk
,,Cote d'Ivoire,5.3603613,-4.026431,https://unsplash.com/fr/photos/un-grand-batiment-avec-deux-tours-et-un-dome-zBn742lw6Bk
,,Cote d'Ivoire,5.3672076,-4.0070104,https://unsplash.com/fr/photos/un-grand-batiment-avec-deux-tours-et-un-dome-zBn742lw6Bk
,,Cote d'Ivoire,5.3717306,-4.0285349,https://unsplash.com/fr/photos/un-grand-batiment-avec-deux-tours-et-un-dome-zBn742lw6Bk
Mosquée CIAD,,Cote d'Ivoire,5.3284639,-3.9505428,https://unsplash.com/fr/photos/un-grand-batiment-avec-deux-tours-et-un-dome-zBn742lw6Bk
Riviera Golf grande mosquée,,Cote d'Ivoire,5.3373857,-3.9785422,https://unsplash.com/fr/photos/un-grand-batiment-avec-deux-tours-et-un-dome-zBn742lw6Bk
,,Cote d'Ivoire,5.3666294,-4.0012691,https://unsplash.com/fr/photos/un-grand-batiment-avec-deux-tours-et-un-dome-zBn742lw6Bk
,,Cote d'Ivoire,5.3671074,-4.0000293,https://unsplash.com/fr/photos/un-grand-batiment-avec-deux-tours-et-un-dome-zBn742lw6Bk
,,Cote d'Ivoire,5.3673945,-4.0012436,https://unsplash.com/fr/photos/un-grand-batiment-avec-deux-tours-et-un-dome-zBn742lw6Bk
,,Cote d'Ivoire,5.3693306,-4.0012483,https://unsplash.com/fr/photos/un-grand-batiment-avec-deux-tours-et-un-dome-zBn742lw6Bk
Mosquée Inza Fofana,,Cote d'Ivoire,5.3746215,-3.9894573,https://unsplash.com/fr/photos/un-grand-batiment-avec-deux-tours-et-un-dome-zBn742lw6Bk
Numa Toulahi,,Cote d'Ivoire,5.3747041,-4.0024178,https://unsplash.com/fr/photos/un-grand-batiment-avec-deux-tours-et-un-dome-zBn742lw6Bk
,,Cote d'Ivoire,5.3758777,-3.9624276,https://unsplash.com/fr/photos/un-grand-batiment-avec-deux-tours-et-un-dome-zBn742lw6Bk
,,Cote d'Ivoire,5.3944322,-3.9862454,https://unsplash.com/fr/photos/un-grand-batiment-avec-deux-tours-et-un-dome-zBn742lw6Bk
,,Cote d'Ivoire,5.3559195,-4.076206,https://unsplash.com/fr/photos/un-grand-batiment-avec-deux-tours-et-un-dome-zBn742lw6Bk
,,Cote d'Ivoire,5.3560821,-4.0654076,https://unsplash.com/fr/photos/un-grand-batiment-avec-deux-tours-et-un-dome-zBn742lw6Bk
,,Cote d'Ivoire,5.3589291,-4.0691109,https://unsplash.com/fr/photos/un-grand-batiment-avec-deux-tours-et-un-dome-zBn742lw6Bk
,,Cote d'Ivoire,5.3611449,-4.0795809,https://unsplash.com/fr/photos/un-grand-batiment-avec-deux-tours-et-un-dome-zBn742lw6Bk
Mosquée Zawiyate Sankara Moussa,,Cote d'Ivoire,5.3659538,-4.0807349,https://unsplash.com/fr/photos/un-grand-batiment-avec-deux-tours-et-un-dome-zBn742lw6Bk
,,Cote d'Ivoire,5.3659948,-4.0752066,https://unsplash.com/fr/photos/un-grand-batiment-avec-deux-tours-et-un-dome-zBn742lw6Bk
,,Cote d'Ivoire,5.3688539,-4.0724201,https://unsplash.com/fr/photos/un-grand-batiment-avec-deux-tours-et-un-dome-zBn742lw6Bk
,,Cote d'Ivoire,5.3688619,-4.0798578,https://unsplash.com/fr/photos/un-grand-batiment-avec-deux-tours-et-un-dome-zBn742lw6Bk
,,Cote d'Ivoire,5.4221883,-4.0538102,https://unsplash.com/fr/photos/un-grand-batiment-avec-deux-tours-et-un-dome-zBn742lw6Bk
Mosquée Adja Sylla,,Cote d'Ivoire,5.4274446,-4.0648462,https://unsplash.com/fr/photos/un-grand-batiment-avec-deux-tours-et-un-dome-zBn742lw6Bk
,,Cote d'Ivoire,5.3731132,-4.004621,https://unsplash.com/fr/photos/un-grand-batiment-avec-deux-tours-et-un-dome-zBn742lw6Bk
Mosquée du Pailler,,Cote d'Ivoire,5.376396,-4.0120519,https://unsplash.com/fr/photos/un-grand-batiment-avec-deux-tours-et-un-dome-zBn742lw6Bk
UNA mosquée,,Cote d'Ivoire,5.395629,-4.0202139,https://unsplash.com/fr/photos/un-grand-batiment-avec-deux-tours-et-un-dome-zBn742lw6Bk
Mosquee Sa'Ad ibn Wakass,,Cote d'Ivoire,5.3960936,-4.0107838,https://unsplash.com/fr/photos/un-grand-batiment-avec-deux-tours-et-un-dome-zBn742lw6Bk
,,Cote d'Ivoire,5.4108451,-4.0096597,https://unsplash.com/fr/photos/un-grand-batiment-avec-deux-tours-et-un-dome-zBn742lw6Bk
La Mosquée Môrôba,,Cote d'Ivoire,5.4111703,-4.0120824,https://unsplash.com/fr/photos/un-grand-batiment-avec-deux-tours-et-un-dome-zBn742lw6Bk
,,Cote d'Ivoire,5.4131055,-4.0097778,https://unsplash.com/fr/photos/un-grand-batiment-avec-deux-tours-et-un-dome-zBn742lw6Bk
,,Cote d'Ivoire,5.4132192,-4.011713,https://unsplash.com/fr/photos/un-grand-batiment-avec-deux-tours-et-un-dome-zBn742lw6Bk
Centre De Mémorisation Du Saint Coran,,Cote d'Ivoire,5.4135766,-4.013952,https://unsplash.com/fr/photos/un-grand-batiment-avec-deux-tours-et-un-dome-zBn742lw6Bk
,,Cote d'Ivoire,5.4141993,-4.0139551,https://unsplash.com/fr/photos/un-grand-batiment-avec-deux-tours-et-un-dome-zBn742lw6Bk
Mosquée Daris-Salame,,Cote d'Ivoire,5.3761415,-4.1008642,https://unsplash.com/fr/photos/un-grand-batiment-avec-deux-tours-et-un-dome-zBn742lw6Bk
,,Cote d'Ivoire,5.3774433,-4.0946542,https://unsplash.com/fr/photos/un-grand-batiment-avec-deux-tours-et-un-dome-zBn742lw6Bk
,,Cote d'Ivoire,5.3806852,-4.0965915,https://unsplash.com/fr/photos/un-grand-batiment-avec-deux-tours-et-un-dome-zBn742lw6Bk
,,Cote d'Ivoire,5.3806959,-4.0957157,https://unsplash.com/fr/photos/un-grand-batiment-avec-deux-tours-et-un-dome-zBn742lw6Bk
,,Cote d'Ivoire,5.381059,-4.0996666,https://unsplash.com/fr/photos/un-grand-batiment-avec-deux-tours-et-un-dome-zBn742lw6Bk
,,Cote d'Ivoire,5.3813688,-4.0995687,https://unsplash.com/fr/photos/un-grand-batiment-avec-deux-tours-et-un-dome-zBn742lw6Bk
,,Cote d'Ivoire,5.3845626,-4.1018111,https://unsplash.com/fr/photos/un-grand-batiment-avec-deux-tours-et-un-dome-zBn742lw6Bk
,,Cote d'Ivoire,5.3859592,-4.0967511,https://unsplash.com/fr/photos/un-grand-batiment-avec-deux-tours-et-un-dome-zBn742lw6Bk
,,Cote d'Ivoire,5.4300173,-4.0842875,https://unsplash.com/fr/photos/un-grand-batiment-avec-deux-tours-et-un-dome-zBn742lw6Bk
,,Cote d'Ivoire,5.441324,-4.0839355,https://unsplash.com/fr/photos/un-grand-batiment-avec-deux-tours-et-un-dome-zBn742lw6Bk
,,Cote d'Ivoire,5.4178124,-4.013252,https://unsplash.com/fr/photos/un-grand-batiment-avec-deux-tours-et-un-dome-zBn742lw6Bk
Mosquée Petro Ivoire,,Cote d'Ivoire,5.4189018,-4.0133412,https://unsplash.com/fr/photos/un-grand-batiment-avec-deux-tours-et-un-dome-zBn742lw6Bk
Grand mosquée de Sagbé céleste,,Cote d'Ivoire,5.4192178,-4.0309032,https://unsplash.com/fr/photos/un-grand-batiment-avec-deux-tours-et-un-dome-zBn742lw6Bk
,,Cote d'Ivoire,5.4193282,-4.0172179,https://unsplash.com/fr/photos/un-grand-batiment-avec-deux-tours-et-un-dome-zBn742lw6Bk
,,Cote d'Ivoire,5.4198391,-4.0073676,https://unsplash.com/fr/photos/un-grand-batiment-avec-deux-tours-et-un-dome-zBn742lw6Bk
Mosquée Hamza,,Cote d'Ivoire,5.4198725,-4.002692,https://unsplash.com/fr/photos/un-grand-batiment-avec-deux-tours-et-un-dome-zBn742lw6Bk
,,Cote d'Ivoire,5.4208285,-4.0455705,https://unsplash.com/fr/photos/un-grand-batiment-avec-deux-tours-et-un-dome-zBn742lw6Bk
Nour Mohamed,,Cote d'Ivoire,5.4216262,-4.0095297,https://unsplash.com/fr/photos/un-grand-batiment-avec-deux-tours-et-un-dome-zBn742lw6Bk
,,Cote d'Ivoire,5.4220774,-4.011662,https://unsplash.com/fr/photos/un-grand-batiment-avec-deux-tours-et-un-dome-zBn742lw6Bk
Mosquée La Barakate,,Cote d'Ivoire,5.4225294,-4.0489615,https://unsplash.com/fr/photos/un-grand-batiment-avec-deux-tours-et-un-dome-zBn742lw6Bk
,,Cote d'Ivoire,5.4226109,-4.0027001,https://unsplash.com/fr/photos/un-grand-batiment-avec-deux-tours-et-un-dome-zBn742lw6Bk
Grane Mosquée d'Abobo,,Cote d'Ivoire,5.422649,-4.0122451,https://unsplash.com/fr/photos/un-grand-batiment-avec-deux-tours-et-un-dome-zBn742lw6Bk
Mosquée Oumar Sako,,Cote d'Ivoire,5.422987,-4.028164,https://unsplash.com/fr/photos/un-grand-batiment-avec-deux-tours-et-un-dome-zBn742lw6Bk
Mosquée Djibril Diaby,,Cote d'Ivoire,5.4230124,-4.026097,https://unsplash.com/fr/photos/un-grand-batiment-avec-deux-tours-et-un-dome-zBn742lw6Bk
,,Cote d'Ivoire,5.424251,-4.0498493,https://unsplash.com/fr/photos/un-grand-batiment-avec-deux-tours-et-un-dome-zBn742lw6Bk
Mosquée Haidara,,Cote d'Ivoire,5.4243518,-4.024609,https://unsplash.com/fr/photos/un-grand-batiment-avec-deux-tours-et-un-dome-zBn742lw6Bk
,,Cote d'Ivoire,5.425229,-4.0249617,https://unsplash.com/fr/photos/un-grand-batiment-avec-deux-tours-et-un-dome-zBn742lw6Bk
,,Cote d'Ivoire,5.4252761,-4.0136143,https://unsplash.com/fr/photos/un-grand-batiment-avec-deux-tours-et-un-dome-zBn742lw6Bk
,,Cote d'Ivoire,5.4269929,-4.0139375,https://unsplash.com/fr/photos/un-grand-batiment-avec-deux-tours-et-un-dome-zBn742lw6Bk
,,Cote d'Ivoire,5.4271115,-4.0244427,https://unsplash.com/fr/photos/un-grand-batiment-avec-deux-tours-et-un-dome-zBn742lw6Bk
Mosquée Nigériane,,Cote d'Ivoire,5.4277396,-4.0498761,https://unsplash.com/fr/photos/un-grand-batiment-avec-deux-tours-et-un-dome-zBn742lw6Bk
,,Cote d'Ivoire,5.4278498,-4.0387396,https://unsplash.com/fr/photos/un-grand-batiment-avec-deux-tours-et-un-dome-zBn742lw6Bk
Mosquée Hiziboulaye,,Cote d'Ivoire,5.4281542,-4.0242724,https://unsplash.com/fr/photos/un-grand-batiment-avec-deux-tours-et-un-dome-zBn742lw6Bk
,,Cote d'Ivoire,5.4285574,-4.0252018,https://unsplash.com/fr/photos/un-grand-batiment-avec-deux-tours-et-un-dome-zBn742lw6Bk
,,Cote d'Ivoire,5.4291528,-4.0332538,https://unsplash.com/fr/photos/un-grand-batiment-avec-deux-tours-et-un-dome-zBn742lw6Bk
Mosquée Iklas Kocthe,,Cote d'Ivoire,5.4292256,-4.0511153,https://unsplash.com/fr/photos/un-grand-batiment-avec-deux-tours-et-un-dome-zBn742lw6Bk
,,Cote d'Ivoire,5.4293958,-4.0510958,https://unsplash.com/fr/photos/un-grand-batiment-avec-deux-tours-et-un-dome-zBn742lw6Bk
Mosquée Blanche,,Cote d'Ivoire,5.4294935,-4.0236809,https://unsplash.com/fr/photos/un-grand-batiment-avec-deux-tours-et-un-dome-zBn742lw6Bk
,,Cote d'Ivoire,5.4298971,-4.0351072,https://unsplash.com/fr/photos/un-grand-batiment-avec-deux-tours-et-un-dome-zBn742lw6Bk
,,Cote d'Ivoire,5.4310954,-4.0332296,https://unsplash.com/fr/photos/un-grand-batiment-avec-deux-tours-et-un-dome-zBn742lw6Bk
,,Cote d'Ivoire,5.427783,-4.068844,https://unsplash.com/fr/photos/un-grand-batiment-avec-deux-tours-et-un-dome-zBn742lw6Bk
,,Cote d'Ivoire,5.4284252,-4.0770321,https://unsplash.com/fr/photos/un-grand-batiment-avec-deux-tours-et-un-dome-zBn742lw6Bk
,,Cote d'Ivoire,5.4292122,-4.0752867,https://unsplash.com/fr/photos/un-grand-batiment-avec-deux-tours-et-un-dome-zBn742lw6Bk
Mosquée El Alassane,,Cote d'Ivoire,5.4300373,-4.0765339,https://unsplash.com/fr/photos/un-grand-batiment-avec-deux-tours-et-un-dome-zBn742lw6Bk
Mosquée Aboubaker,,Cote d'Ivoire,5.430054,-4.0582681,https://unsplash.com/fr/photos/un-grand-batiment-avec-deux-tours-et-un-dome-zBn742lw6Bk
,,Cote d'Ivoire,5.4302115,-4.0659858,https://unsplash.com/fr/photos/un-grand-batiment-avec-deux-tours-et-un-dome-zBn742lw6Bk
Grande Mosquée Coopération Turquie Ankara,,Cote d'Ivoire,5.431542,-4.0583083,https://unsplash.com/fr/photos/un-grand-batiment-avec-deux-tours-et-un-dome-zBn742lw6Bk
Mosquée Traoré Adja,,Cote d'Ivoire,5.4322742,-4.0772668,https://unsplash.com/fr/photos/un-grand-batiment-avec-deux-tours-et-un-dome-zBn742lw6Bk
Mosquée Lacina Kone,,Cote d'Ivoire,5.4330212,-4.0779756,https://unsplash.com/fr/photos/un-grand-batiment-avec-deux-tours-et-un-dome-zBn742lw6Bk
Mosquée Sakina,,Cote d'Ivoire,5.4333189,-4.0562061,https://unsplash.com/fr/photos/un-grand-batiment-avec-deux-tours-et-un-dome-zBn742lw6Bk
Mosquée Moussa Bakayoko,,Cote d'Ivoire,5.4315954,-4.0281039,https://unsplash.com/fr/photos/un-grand-batiment-avec-deux-tours-et-un-dome-zBn742lw6Bk
,,Cote d'Ivoire,5.4316808,-4.0144441,https://unsplash.com/fr/photos/un-grand-batiment-avec-deux-tours-et-un-dome-zBn742lw6Bk
,,Cote d'Ivoire,5.4317309,-4.0331753,https://unsplash.com/fr/photos/un-grand-batiment-avec-deux-tours-et-un-dome-zBn742lw6Bk
,,Cote d'Ivoire,5.4319672,-4.0294946,https://unsplash.com/fr/photos/un-grand-batiment-avec-deux-tours-et-un-dome-zBn742lw6Bk
,,Cote d'Ivoire,5.4319745,-4.031328,https://unsplash.com/fr/photos/un-grand-batiment-avec-deux-tours-et-un-dome-zBn742lw6Bk
,,Cote d'Ivoire,5.4337849,-4.0305541,https://unsplash.com/fr/photos/un-grand-batiment-avec-deux-tours-et-un-dome-zBn742lw6Bk
,,Cote d'Ivoire,5.4347849,-4.0340745,https://unsplash.com/fr/photos/un-grand-batiment-avec-deux-tours-et-un-dome-zBn742lw6Bk
,,Cote d'Ivoire,5.4349342,-4.023418,https://unsplash.com/fr/photos/un-grand-batiment-avec-deux-tours-et-un-dome-zBn742lw6Bk
,,Cote d'Ivoire,5.4359477,-4.0298863,https://unsplash.com/fr/photos/un-grand-batiment-avec-deux-tours-et-un-dome-zBn742lw6Bk
,,Cote d'Ivoire,5.4360785,-4.0393142,https://unsplash.com/fr/photos/un-grand-batiment-avec-deux-tours-et-un-dome-zBn742lw6Bk
,,Cote d'Ivoire,5.4345873,-4.0755039,https://unsplash.com/fr/photos/un-grand-batiment-avec-deux-tours-et-un-dome-zBn742lw6Bk
,,Cote d'Ivoire,5.435879,-4.0536768,https://unsplash.com/fr/photos/un-grand-batiment-avec-deux-tours-et-un-dome-zBn742lw6Bk
,,Cote d'Ivoire,5.4360799,-4.0539189,https://unsplash.com/fr/photos/un-grand-batiment-avec-deux-tours-et-un-dome-zBn742lw6Bk
,,Cote d'Ivoire,5.4362374,-4.0751915,https://unsplash.com/fr/photos/un-grand-batiment-avec-deux-tours-et-un-dome-zBn742lw6Bk
Mosquée Sekou Diarrassouba,,Cote d'Ivoire,5.4362855,-4.0560043,https://unsplash.com/fr/photos/un-grand-batiment-avec-deux-tours-et-un-dome-zBn742lw6Bk
Mosquée Konaté,,Cote d'Ivoire,5.4367134,-4.0697687,https://unsplash.com/fr/photos/un-grand-batiment-avec-deux-tours-et-un-dome-zBn742lw6Bk
,,Cote d'Ivoire,5.4380518,-4.0569618,https://unsplash.com/fr/photos/un-grand-batiment-avec-deux-tours-et-un-dome-zBn742lw6Bk
Mosquée Salam,,Cote d'Ivoire,5.4383135,-4.059121,https://unsplash.com/fr/photos/un-grand-batiment-avec-deux-tours-et-un-dome-zBn742lw6Bk
,,Cote d'Ivoire,5.4385598,-4.0570215,https://unsplash.com/fr/photos/un-grand-batiment-avec-deux-tours-et-un-dome-zBn742lw6Bk
Mosquée Anonkoua II Masjid Takiwa I,,Cote d'Ivoire,5.438949,-4.0517195,https://unsplash.com/fr/photos/un-grand-batiment-avec-deux-tours-et-un-dome-zBn742lw6Bk
,,Cote d'Ivoire,5.4372774,-4.0386008,https://unsplash.com/fr/photos/un-grand-batiment-avec-deux-tours-et-un-dome-zBn742lw6Bk
,,Cote d'Ivoire,5.4380968,-4.0468808,https://unsplash.com/fr/photos/un-grand-batiment-avec-deux-tours-et-un-dome-zBn742lw6Bk
,,Cote d'Ivoire,5.4386786,-4.0441462,https://unsplash.com/fr/photos/un-grand-batiment-avec-deux-tours-et-un-dome-zBn742lw6Bk
,,Cote d'Ivoire,5.439889,-4.0219568,https://unsplash.com/fr/photos/un-grand-batiment-avec-deux-tours-et-un-dome-zBn742lw6Bk
,,Cote d'Ivoire,5.4399437,-4.0253215,https://unsplash.com/fr/photos/un-grand-batiment-avec-deux-tours-et-un-dome-zBn742lw6Bk
,,Cote d'Ivoire,5.4412087,-4.0086377,https://unsplash.com/fr/photos/un-grand-batiment-avec-deux-tours-et-un-dome-zBn742lw6Bk
,,Cote d'Ivoire,5.4414839,-4.0275692,https://unsplash.com/fr/photos/un-grand-batiment-avec-deux-tours-et-un-dome-zBn742lw6Bk
Mosquée de la gare,,Cote d'Ivoire,5.4417219,-4.0440671,https://unsplash.com/fr/photos/un-grand-batiment-avec-deux-tours-et-un-dome-zBn742lw6Bk
Mosquée Taqwa Marahoué,,Cote d'Ivoire,5.4422442,-4.0481018,https://unsplash.com/fr/photos/un-grand-batiment-avec-deux-tours-et-un-dome-zBn742lw6Bk
,,Cote d'Ivoire,5.442352,-4.0030781,https://unsplash.com/fr/photos/un-grand-batiment-avec-deux-tours-et-un-dome-zBn742lw6Bk
Mosquée Djedja,,Cote d'Ivoire,5.4396459,-4.057226,https://unsplash.com/fr/photos/un-grand-batiment-avec-deux-tours-et-un-dome-zBn742lw6Bk
Mosquée vod-ci,,Cote d'Ivoire,5.4399235,-4.0637404,https://unsplash.com/fr/photos/un-grand-batiment-avec-deux-tours-et-un-dome-zBn742lw6Bk
Mosquée Aminata,,Cote d'Ivoire,5.4402019,-4.0618247,https://unsplash.com/fr/photos/un-grand-batiment-avec-deux-tours-et-un-dome-zBn742lw6Bk
Mosquée Nour,,Cote d'Ivoire,5.440511,-4.0725408,https://unsplash.com/fr/photos/un-grand-batiment-avec-deux-tours-et-un-dome-zBn742lw6Bk
Mosquée Sabil Nadjah,,Cote d'Ivoire,5.4407339,-4.0656307,https://unsplash.com/fr/photos/un-grand-batiment-avec-deux-tours-et-un-dome-zBn742lw6Bk
Mosquée Houda,,Cote d'Ivoire,5.4408701,-4.0763904,https://unsplash.com/fr/photos/un-grand-batiment-avec-deux-tours-et-un-dome-zBn742lw6Bk
,,Cote d'Ivoire,5.4413067,-4.0694261,https://unsplash.com/fr/photos/un-grand-batiment-avec-deux-tours-et-un-dome-zBn742lw6Bk
,,Cote d'Ivoire,5.4421451,-4.074875,https://unsplash.com/fr/photos/un-grand-batiment-avec-deux-tours-et-un-dome-zBn742lw6Bk
,,Cote d'Ivoire,5.4421952,-4.0521721,https://unsplash.com/fr/photos/un-grand-batiment-avec-deux-tours-et-un-dome-zBn742lw6Bk
Mosquée Bilal,,Cote d'Ivoire,5.4423467,-4.0582936,https://unsplash.com/fr/photos/un-grand-batiment-avec-deux-tours-et-un-dome-zBn742lw6Bk
Mosquée Nabil,,Cote d'Ivoire,5.4427746,-4.0715497,https://unsplash.com/fr/photos/un-grand-batiment-avec-deux-tours-et-un-dome-zBn742lw6Bk
,,Cote d'Ivoire,5.4429712,-4.071828,https://unsplash.com/fr/photos/un-grand-batiment-avec-deux-tours-et-un-dome-zBn742lw6Bk
,,Cote d'Ivoire,5.4437004,-4.0552767,https://unsplash.com/fr/photos/un-grand-batiment-avec-deux-tours-et-un-dome-zBn742lw6Bk
,,Cote d'Ivoire,5.4437872,-4.0533298,https://unsplash.com/fr/photos/un-grand-batiment-avec-deux-tours-et-un-dome-zBn742lw6Bk
Mosquée Souleymane,,Cote d'Ivoire,5.4437992,-4.0641213,https://unsplash.com/fr/photos/un-grand-batiment-avec-deux-tours-et-un-dome-zBn742lw6Bk
,,Cote d'Ivoire,5.4440455,-4.0639959,https://unsplash.com/fr/photos/un-grand-batiment-avec-deux-tours-et-un-dome-zBn742lw6Bk
,,Cote d'Ivoire,5.4441664,-4.0806095,https://unsplash.com/fr/photos/un-grand-batiment-avec-deux-tours-et-un-dome-zBn742lw6Bk
,,Cote d'Ivoire,5.4447651,-4.067926,https://unsplash.com/fr/photos/un-grand-batiment-avec-deux-tours-et-un-dome-zBn742lw6Bk
,,Cote d'Ivoire,5.4451536,-4.056768,https://unsplash.com/fr/photos/un-grand-batiment-avec-deux-tours-et-un-dome-zBn742lw6Bk
Mosquée Koné,,Cote d'Ivoire,5.4455024,-4.0664294,https://unsplash.com/fr/photos/un-grand-batiment-avec-deux-tours-et-un-dome-zBn742lw6Bk
Mosquée El Hadj Ibrahima,,Cote d'Ivoire,5.4427886,-4.0456805,https://unsplash.com/fr/photos/un-grand-batiment-avec-deux-tours-et-un-dome-zBn742lw6Bk
,,Cote d'Ivoire,5.4436096,-4.0469036,https://unsplash.com/fr/photos/un-grand-batiment-avec-deux-tours-et-un-dome-zBn742lw6Bk
,,Cote d'Ivoire,5.4441236,-4.0418945,https://unsplash.com/fr/photos/un-grand-batiment-avec-deux-tours-et-un-dome-zBn742lw6Bk
Mosquée De La Paix Adja Korotoum Djakité,,Cote d'Ivoire,5.4446503,-4.0457428,https://unsplash.com/fr/photos/un-grand-batiment-avec-deux-tours-et-un-dome-zBn742lw6Bk
Mosquée Hamzar,,Cote d'Ivoire,5.4469012,-4.0143019,https://unsplash.com/fr/photos/un-grand-batiment-avec-deux-tours-et-un-dome-zBn742lw6Bk
,,Cote d'Ivoire,5.4470674,-4.0494892,https://unsplash.com/fr/photos/un-grand-batiment-avec-deux-tours-et-un-dome-zBn742lw6Bk
,,Cote d'Ivoire,5.4517534,-4.0506033,https://unsplash.com/fr/photos/un-grand-batiment-avec-deux-tours-et-un-dome-zBn742lw6Bk
Mosquée Mori Bamba,,Cote d'Ivoire,5.4522474,-4.0479013,https://unsplash.com/fr/photos/un-grand-batiment-avec-deux-tours-et-un-dome-zBn742lw6Bk
,,Cote d'Ivoire,5.4524984,-4.0505071,https://unsplash.com/fr/photos/un-grand-batiment-avec-deux-tours-et-un-dome-zBn742lw6Bk
,,Cote d'Ivoire,5.4528388,-4.0483801,https://unsplash.com/fr/photos/un-grand-batiment-avec-deux-tours-et-un-dome-zBn742lw6Bk
,,Cote d'Ivoire,5.4463739,-4.0668585,https://unsplash.com/fr/photos/un-grand-batiment-avec-deux-tours-et-un-dome-zBn742lw6Bk
,,Cote d'Ivoire,5.4464922,-4.0609629,https://unsplash.com/fr/photos/un-grand-batiment-avec-deux-tours-et-un-dome-zBn742lw6Bk
,,Cote d'Ivoire,5.447264,-4.0636677,https://unsplash.com/fr/photos/un-grand-batiment-avec-deux-tours-et-un-dome-zBn742lw6Bk
,,Cote d'Ivoire,5.4479065,-4.0527032,https://unsplash.com/fr/photos/un-grand-batiment-avec-deux-tours-et-un-dome-zBn742lw6Bk
,,Cote d'Ivoire,5.4481208,-4.0685973,https://unsplash.com/fr/photos/un-grand-batiment-avec-deux-tours-et-un-dome-zBn742lw6Bk
,,Cote d'Ivoire,5.4486521,-4.0650715,https://unsplash.com/fr/photos/un-grand-batiment-avec-deux-tours-et-un-dome-zBn742lw6Bk
,,Cote d'Ivoire,5.4486675,-4.0680682,https://unsplash.com/fr/photos/un-grand-batiment-avec-deux-tours-et-un-dome-zBn742lw6Bk
,,Cote d'Ivoire,5.4494004,-4.0542676,https://unsplash.com/fr/photos/un-grand-batiment-avec-deux-tours-et-un-dome-zBn742lw6Bk
,,Cote d'Ivoire,5.450118,-4.0584773,https://unsplash.com/fr/photos/un-grand-batiment-avec-deux-tours-et-un-dome-zBn742lw6Bk
,,Cote d'Ivoire,5.4506213,-4.063033,https://unsplash.com/fr/photos/un-grand-batiment-avec-deux-tours-et-un-dome-zBn742lw6Bk
Mosquée Cheick,,Cote d'Ivoire,5.4002962,-3.9778742,https://unsplash.com/fr/photos/un-grand-batiment-avec-deux-tours-et-un-dome-zBn742lw6Bk
angre grande mosquée,,Cote d'Ivoire,5.406127,-3.9834474,https://unsplash.com/fr/photos/un-grand-batiment-avec-deux-tours-et-un-dome-zBn742lw6Bk
Mosquée d'Angre Chateau,,Cote d'Ivoire,5.4138538,-3.9832755,https://unsplash.com/fr/photos/un-grand-batiment-avec-deux-tours-et-un-dome-zBn742lw6Bk
,,Cote d'Ivoire,5.4179124,-3.9988714,https://unsplash.com/fr/photos/un-grand-batiment-avec-deux-tours-et-un-dome-zBn742lw6Bk
,,Cote d'Ivoire,5.424085,-3.9976326,https://unsplash.com/fr/photos/un-grand-batiment-avec-deux-tours-et-un-dome-zBn742lw6Bk
,,Cote d'Ivoire,5.4264726,-4.0015407,https://unsplash.com/fr/photos/un-grand-batiment-avec-deux-tours-et-un-dome-zBn742lw6Bk
Mosqué de Belleville,,Cote d'Ivoire,5.4299277,-3.9946232,https://unsplash.com/fr/photos/un-grand-batiment-avec-deux-tours-et-un-dome-zBn742lw6Bk
,,Cote d'Ivoire,5.4506921,-4.0783511,https://unsplash.com/fr/photos/un-grand-batiment-avec-deux-tours-et-un-dome-zBn742lw6Bk
Mosquée Nouroul Islam,,Cote d'Ivoire,5.4513135,-4.0685852,https://unsplash.com/fr/photos/un-grand-batiment-avec-deux-tours-et-un-dome-zBn742lw6Bk
Mosquée Bilal,,Cote d'Ivoire,5.4533254,-4.0578838,https://unsplash.com/fr/photos/un-grand-batiment-avec-deux-tours-et-un-dome-zBn742lw6Bk
,,Cote d'Ivoire,5.455318,-4.0713847,https://unsplash.com/fr/photos/un-grand-batiment-avec-deux-tours-et-un-dome-zBn742lw6Bk
Mosquée Salam,,Cote d'Ivoire,5.4564294,-4.0533529,https://unsplash.com/fr/photos/un-grand-batiment-avec-deux-tours-et-un-dome-zBn742lw6Bk
,,Cote d'Ivoire,5.456782,-4.0520651,https://unsplash.com/fr/photos/un-grand-batiment-avec-deux-tours-et-un-dome-zBn742lw6Bk
,,Cote d'Ivoire,5.4602482,-4.0528165,https://unsplash.com/fr/photos/un-grand-batiment-avec-deux-tours-et-un-dome-zBn742lw6Bk
Mosquée Nadjat Bamba,,Cote d'Ivoire,5.452985,-4.0447571,https://unsplash.com/fr/photos/un-grand-batiment-avec-deux-tours-et-un-dome-zBn742lw6Bk
,,Cote d'Ivoire,5.4541685,-4.0514164,https://unsplash.com/fr/photos/un-grand-batiment-avec-deux-tours-et-un-dome-zBn742lw6Bk
,,Cote d'Ivoire,5.4550643,-4.046178,https://unsplash.com/fr/photos/un-grand-batiment-avec-deux-tours-et-un-dome-zBn742lw6Bk
Mosquée Faridaws,,Cote d'Ivoire,5.4552219,-4.0422238,https://unsplash.com/fr/photos/un-grand-batiment-avec-deux-tours-et-un-dome-zBn742lw6Bk
Mosquée Akira Bismirabika,,Cote d'Ivoire,5.4565275,-4.0494423,https://unsplash.com/fr/photos/un-grand-batiment-avec-deux-tours-et-un-dome-zBn742lw6Bk
Mosquée Sanogo,,Cote d'Ivoire,5.4608303,-4.049512,https://unsplash.com/fr/photos/un-grand-batiment-avec-deux-tours-et-un-dome-zBn742lw6Bk
,,Cote d'Ivoire,5.4731488,-4.0318036,https://unsplash.com/fr/photos/un-grand-batiment-avec-deux-tours-et-un-dome-zBn742lw6Bk
